<?xml version="1.0" encoding="UTF-8"?><FileZilla3> 
    <Servers> 
        <Server> 
            <Host>sarayjuan.ga</Host>
            <Port>221</Port>
            <Protocol>1</Protocol>
            <Type>0</Type> 
            <User>3877883_juanse</User>
            <Logontype>2</Logontype> 
            <TimezoneOffset>0</TimezoneOffset> 
            <PasvMode>MODE_DEFAULT</PasvMode>
            <MaximumMultipleConnections>0</MaximumMultipleConnections> 
            <EncodingType>Auto</EncodingType> 
            <BypassProxy>0</BypassProxy> 
            <Name>3877883_juanse@sarayjuan.ga</Name>
            <Comments/> 
            <LocalDir/> 
            <RemoteDir/> 
            <SyncBrowsing>0</SyncBrowsing>
            <!--3877883_juanse@sarayjuan.ga-->
        </Server> 
    </Servers> 
</FileZilla3>
